candidate_id,employee_id,source,recruiter_name,application_date,offer_date,joining_date,status
1001,1,Referral,Neha,2020-11-17,2020-11-23,2021-01-05,Hired
1002,2,Naukri,Neha,2020-09-30,2020-10-10,2020-11-09,Hired
1003,3,Referral,John,2022-03-27,2022-04-06,2022-05-21,Hired
1004,4,Referral,John,2020-01-24,2020-01-29,2020-02-20,Hired
1005,5,Referral,Alice,2023-04-22,2023-05-10,2023-05-04,Hired
1006,6,Referral,Neha,2023-07-14,2023-07-28,2023-08-03,Hired
1007,7,Naukri,Alice,2021-01-12,2021-01-30,2021-02-11,Hired
1008,8,Naukri,Neha,2022-11-21,2022-11-27,2022-12-21,Hired
1009,9,Naukri,Jane,2022-03-22,2022-03-30,2022-04-23,Hired
1010,10,Referral,Robert,2022-05-19,2022-06-05,2022-07-17,Hired
1011,11,Naukri,Alice,2022-10-13,2022-10-28,2022-11-29,Hired
1012,12,LinkedIn,Alice,2021-09-12,2021-09-23,2021-09-28,Hired
1013,13,Naukri,Robert,2023-10-19,2023-11-02,2023-11-13,Hired
1014,14,Naukri,Robert,2021-10-26,2021-10-31,2021-11-16,Hired
1015,15,Referral,Jane,2021-06-14,2021-06-30,2021-07-20,Hired
1016,16,LinkedIn,Alice,2021-11-01,2021-11-20,2021-12-01,Hired
1017,17,LinkedIn,Jane,2021-09-20,2021-09-27,2021-11-07,Hired
1018,18,LinkedIn,Robert,2021-04-16,2021-05-05,2021-05-03,Hired
1019,19,Naukri,Jane,2022-09-28,2022-10-08,2022-11-21,Hired
1020,20,Referral,Jane,2021-05-31,2021-06-07,2021-06-21,Hired
1021,21,Referral,John,2022-11-03,2022-11-14,2022-11-14,Hired
1022,22,LinkedIn,John,2021-02-07,2021-02-14,2021-03-03,Hired
1023,23,Referral,Alice,2022-02-20,2022-03-01,2022-03-15,Hired
1024,24,Referral,Neha,2022-04-12,2022-05-01,2022-04-25,Hired
1025,25,Naukri,Robert,2021-07-13,2021-07-25,2021-08-12,Hired
1026,26,LinkedIn,Alice,2023-02-21,2023-03-05,2023-03-06,Hired
1027,27,Referral,Jane,2020-06-13,2020-07-02,2020-08-10,Hired
1028,28,Referral,John,2023-01-31,2023-02-17,2023-02-22,Hired
1029,29,LinkedIn,Alice,2020-12-25,2021-01-01,2021-01-17,Hired
1030,30,Naukri,Neha,2023-03-29,2023-04-04,2023-05-03,Hired
1031,31,Referral,Neha,2022-02-26,2022-03-18,2022-03-10,Hired
1032,32,Referral,Robert,2020-10-11,2020-10-20,2020-10-21,Hired
1033,33,LinkedIn,Alice,2020-10-17,2020-11-02,2020-11-10,Hired
1034,34,Referral,Robert,2020-07-21,2020-07-26,2020-08-01,Hired
1035,35,LinkedIn,Jane,2023-07-06,2023-07-13,2023-08-08,Hired
1036,36,Naukri,Alice,2022-03-30,2022-04-06,2022-05-14,Hired
1037,37,Referral,Alice,2022-05-05,2022-05-10,2022-06-07,Hired
1038,38,LinkedIn,Alice,2020-05-17,2020-05-27,2020-05-31,Hired
1039,39,Referral,Neha,2022-05-04,2022-05-21,2022-05-28,Hired
1040,40,Referral,Neha,2020-04-26,2020-05-07,2020-05-07,Hired
1041,41,Naukri,Jane,2020-01-09,2020-01-17,2020-01-22,Hired
1042,42,Naukri,Neha,2021-06-26,2021-07-01,2021-07-30,Hired
1043,43,Naukri,Alice,2020-10-08,2020-10-17,2020-11-02,Hired
1044,44,Referral,John,2020-06-22,2020-07-09,2020-08-05,Hired
1045,45,LinkedIn,Alice,2023-08-03,2023-08-19,2023-10-02,Hired
1046,46,Referral,Robert,2023-05-26,2023-06-10,2023-07-09,Hired
1047,47,Naukri,Neha,2022-09-03,2022-09-20,2022-09-19,Hired
1048,48,LinkedIn,Robert,2022-10-01,2022-10-10,2022-11-28,Hired
1049,49,Naukri,John,2020-02-07,2020-02-18,2020-03-01,Hired
1050,50,Naukri,Jane,2023-11-26,2023-12-15,2023-12-19,Hired
1051,51,Referral,John,2020-09-29,2020-10-07,2020-10-20,Hired
1052,52,Referral,Neha,2023-03-25,2023-04-03,2023-05-12,Hired
1053,53,LinkedIn,Robert,2021-01-13,2021-01-19,2021-03-03,Hired
1054,54,LinkedIn,Alice,2023-12-04,2023-12-13,2023-12-25,Hired
1055,55,LinkedIn,Robert,2023-05-09,2023-05-28,2023-06-21,Hired
1056,56,LinkedIn,Neha,2021-07-21,2021-08-06,2021-08-12,Hired
1057,57,LinkedIn,Jane,2021-02-06,2021-02-12,2021-03-20,Hired
1058,58,Referral,Alice,2021-10-29,2021-11-08,2021-12-12,Hired
1059,59,Naukri,Robert,2021-07-13,2021-07-30,2021-09-08,Hired
1060,60,Referral,Neha,2022-12-09,2022-12-28,2023-01-28,Hired
1061,61,LinkedIn,Jane,2023-05-05,2023-05-23,2023-05-26,Hired
1062,62,LinkedIn,Jane,2022-04-06,2022-04-16,2022-04-25,Hired
1063,63,Referral,Robert,2022-10-03,2022-10-11,2022-10-31,Hired
1064,64,Referral,Robert,2020-12-16,2020-12-24,2021-01-07,Hired
1065,65,Referral,Alice,2020-05-03,2020-05-12,2020-06-18,Hired
1066,66,Referral,Alice,2022-06-25,2022-07-11,2022-08-14,Hired
1067,67,Referral,Neha,2022-01-11,2022-01-25,2022-01-31,Hired
1068,68,Referral,John,2022-11-01,2022-11-16,2022-11-17,Hired
1069,69,Referral,Alice,2020-02-24,2020-03-04,2020-03-12,Hired
1070,70,Referral,John,2021-03-18,2021-03-27,2021-04-17,Hired
1071,71,Naukri,Neha,2023-07-23,2023-08-12,2023-09-19,Hired
1072,72,Naukri,Neha,2020-07-23,2020-08-07,2020-09-21,Hired
1073,73,Naukri,Neha,2020-04-10,2020-04-21,2020-05-04,Hired
1074,74,Referral,Robert,2023-08-29,2023-09-11,2023-10-06,Hired
1075,75,Referral,Neha,2021-11-26,2021-12-03,2022-01-09,Hired
1076,76,Referral,Alice,2022-02-15,2022-03-03,2022-02-25,Hired
1077,77,Naukri,John,2022-06-06,2022-06-20,2022-06-24,Hired
1078,78,Referral,John,2023-02-26,2023-03-16,2023-03-13,Hired
1079,79,LinkedIn,Jane,2023-11-08,2023-11-19,2023-12-21,Hired
1080,80,Naukri,Alice,2020-05-02,2020-05-15,2020-06-17,Hired
1081,81,Referral,Robert,2022-07-16,2022-07-25,2022-08-10,Hired
1082,82,Naukri,John,2023-09-14,2023-09-19,2023-10-30,Hired
1083,83,Naukri,Jane,2020-06-25,2020-07-09,2020-08-19,Hired
1084,84,LinkedIn,Jane,2022-05-25,2022-06-12,2022-07-10,Hired
1085,85,LinkedIn,John,2023-04-10,2023-04-18,2023-06-03,Hired
1086,86,Referral,Jane,2020-03-25,2020-04-10,2020-04-18,Hired
1087,87,Referral,Robert,2021-06-26,2021-07-07,2021-07-11,Hired
1088,88,Referral,Neha,2020-09-29,2020-10-15,2020-10-21,Hired
1089,89,LinkedIn,Neha,2023-11-18,2023-12-05,2024-01-09,Hired
1090,90,Referral,Neha,2023-12-06,2023-12-18,2024-01-17,Hired
1091,91,Naukri,Alice,2022-03-25,2022-04-02,2022-05-07,Hired
1092,92,LinkedIn,Robert,2023-02-23,2023-03-01,2023-04-18,Hired
1093,93,Referral,Neha,2021-09-02,2021-09-08,2021-10-07,Hired
1094,94,Naukri,John,2020-02-11,2020-03-01,2020-03-02,Hired
1095,95,Naukri,Jane,2022-01-29,2022-02-06,2022-03-15,Hired
1096,96,Naukri,John,2023-04-28,2023-05-09,2023-06-24,Hired
1097,97,LinkedIn,Neha,2023-03-04,2023-03-12,2023-03-19,Hired
1098,98,Naukri,Robert,2021-05-13,2021-05-19,2021-07-12,Hired
1099,99,Naukri,Neha,2022-06-25,2022-07-03,2022-07-06,Hired
1100,100,Naukri,Alice,2020-11-10,2020-11-22,2020-12-12,Hired
1101,101,Referral,Jane,2022-02-26,2022-03-05,2022-04-25,Hired
1102,102,Referral,Robert,2020-02-14,2020-02-19,2020-03-16,Hired
1103,103,Referral,Alice,2020-06-13,2020-06-27,2020-08-03,Hired
1104,104,Naukri,John,2022-01-28,2022-02-09,2022-02-07,Hired
1105,105,LinkedIn,John,2022-04-21,2022-05-08,2022-05-26,Hired
1106,106,LinkedIn,Jane,2023-10-11,2023-10-31,2023-11-10,Hired
1107,107,Naukri,Jane,2023-04-06,2023-04-14,2023-05-21,Hired
1108,108,Referral,Jane,2022-03-10,2022-03-16,2022-03-20,Hired
1109,109,LinkedIn,Alice,2020-11-11,2020-11-18,2021-01-07,Hired
1110,110,LinkedIn,Robert,2023-11-02,2023-11-13,2023-11-22,Hired
1111,111,LinkedIn,Alice,2021-12-21,2021-12-30,2022-02-14,Hired
1112,112,Referral,Alice,2024-01-01,2024-01-17,2024-01-14,Hired
1113,113,LinkedIn,Jane,2022-02-06,2022-02-18,2022-02-20,Hired
1114,114,Referral,Alice,2019-12-23,2020-01-06,2020-01-13,Hired
1115,115,Naukri,Jane,2020-06-11,2020-06-24,2020-07-10,Hired
1116,116,Naukri,Jane,2023-05-06,2023-05-25,2023-05-25,Hired
1117,117,Referral,John,2022-02-11,2022-02-20,2022-04-06,Hired
1118,118,Naukri,Alice,2023-08-29,2023-09-08,2023-10-25,Hired
1119,119,Naukri,Jane,2021-11-17,2021-12-05,2021-12-12,Hired
1120,120,Referral,Robert,2020-02-06,2020-02-24,2020-03-09,Hired
1121,121,Referral,Neha,2023-08-15,2023-08-29,2023-10-09,Hired
1122,122,Referral,Robert,2023-10-09,2023-10-24,2023-11-26,Hired
1123,123,LinkedIn,Robert,2022-12-12,2022-12-28,2023-01-15,Hired
1124,124,LinkedIn,Jane,2021-09-12,2021-09-23,2021-10-20,Hired
1125,125,LinkedIn,Neha,2023-12-04,2023-12-15,2023-12-19,Hired
1126,126,LinkedIn,Jane,2021-07-18,2021-07-28,2021-08-22,Hired
1127,127,Naukri,Robert,2023-02-10,2023-02-16,2023-03-17,Hired
1128,128,Referral,Robert,2020-02-09,2020-02-21,2020-03-28,Hired
1129,129,LinkedIn,Neha,2021-01-19,2021-01-27,2021-02-15,Hired
1130,130,Referral,Alice,2022-01-20,2022-01-25,2022-03-14,Hired
1131,131,Naukri,John,2021-06-02,2021-06-19,2021-07-10,Hired
1132,132,Referral,Jane,2021-12-11,2021-12-30,2021-12-24,Hired
1133,133,LinkedIn,Robert,2022-02-02,2022-02-21,2022-02-21,Hired
1134,134,Naukri,Neha,2021-12-25,2021-12-31,2022-01-24,Hired
1135,135,Naukri,Robert,2023-05-15,2023-05-20,2023-06-12,Hired
1136,136,LinkedIn,Jane,2022-01-26,2022-02-03,2022-02-13,Hired
1137,137,Referral,John,2022-08-08,2022-08-27,2022-09-11,Hired
1138,138,Referral,Neha,2021-08-09,2021-08-19,2021-08-23,Hired
1139,139,LinkedIn,John,2020-09-12,2020-09-27,2020-11-08,Hired
1140,140,LinkedIn,John,2021-12-21,2022-01-05,2022-01-03,Hired
1141,141,LinkedIn,Neha,2021-06-07,2021-06-23,2021-07-11,Hired
1142,142,Naukri,Neha,2020-01-10,2020-01-24,2020-01-26,Hired
1143,143,LinkedIn,Jane,2021-01-30,2021-02-14,2021-02-18,Hired
1144,144,LinkedIn,Neha,2019-12-18,2019-12-25,2020-01-23,Hired
1145,145,LinkedIn,John,2021-05-26,2021-06-13,2021-06-06,Hired
1146,146,Referral,Alice,2021-02-24,2021-03-11,2021-04-05,Hired
1147,147,Naukri,Alice,2023-05-15,2023-05-29,2023-06-15,Hired
1148,148,Naukri,John,2021-01-25,2021-02-11,2021-02-09,Hired
1149,149,LinkedIn,Jane,2021-11-07,2021-11-27,2021-11-21,Hired
1150,150,Naukri,Neha,2023-08-20,2023-08-31,2023-09-27,Hired
1151,151,Referral,Neha,2021-04-26,2021-05-13,2021-05-19,Hired
1152,152,Referral,Neha,2022-10-11,2022-10-29,2022-10-24,Hired
1153,153,LinkedIn,Jane,2023-10-28,2023-11-07,2023-11-18,Hired
1154,154,LinkedIn,Neha,2023-08-07,2023-08-13,2023-08-18,Hired
1155,155,LinkedIn,John,2022-12-01,2022-12-10,2022-12-28,Hired
1156,156,Naukri,Jane,2023-09-08,2023-09-28,2023-11-02,Hired
1157,157,LinkedIn,Robert,2023-07-09,2023-07-17,2023-09-02,Hired
1158,158,Naukri,Neha,2022-09-24,2022-10-13,2022-10-19,Hired
1159,159,LinkedIn,Neha,2021-11-01,2021-11-17,2021-12-22,Hired
1160,160,LinkedIn,Alice,2021-07-28,2021-08-07,2021-08-07,Hired
1161,161,LinkedIn,John,2022-08-04,2022-08-12,2022-09-04,Hired
1162,162,Referral,John,2020-04-08,2020-04-13,2020-04-30,Hired
1163,163,Referral,Neha,2021-05-02,2021-05-08,2021-06-23,Hired
1164,164,LinkedIn,Neha,2023-06-11,2023-06-27,2023-08-10,Hired
1165,165,Referral,Alice,2023-10-07,2023-10-25,2023-11-28,Hired
1166,166,Referral,John,2020-08-12,2020-09-01,2020-09-26,Hired
1167,167,Referral,Jane,2022-02-04,2022-02-15,2022-02-18,Hired
1168,168,Naukri,Alice,2022-05-31,2022-06-05,2022-07-27,Hired
1169,169,Naukri,Jane,2022-03-15,2022-03-29,2022-04-11,Hired
1170,170,LinkedIn,Alice,2022-03-14,2022-03-28,2022-04-29,Hired
1171,171,Naukri,Neha,2023-02-08,2023-02-16,2023-03-08,Hired
1172,172,LinkedIn,Jane,2022-05-19,2022-05-31,2022-07-17,Hired
1173,173,LinkedIn,John,2023-08-09,2023-08-21,2023-09-09,Hired
1174,174,LinkedIn,Alice,2022-03-14,2022-03-24,2022-04-01,Hired
1175,175,Naukri,Robert,2021-09-22,2021-10-01,2021-11-07,Hired
1176,176,LinkedIn,Alice,2021-03-12,2021-03-31,2021-04-24,Hired
1177,177,Naukri,Alice,2020-02-28,2020-03-19,2020-04-21,Hired
1178,178,LinkedIn,Neha,2022-04-02,2022-04-17,2022-04-19,Hired
1179,179,Naukri,Alice,2023-03-06,2023-03-25,2023-04-09,Hired
1180,180,Referral,Alice,2023-01-04,2023-01-15,2023-01-17,Hired
1181,181,LinkedIn,Alice,2020-07-07,2020-07-13,2020-07-30,Hired
1182,182,LinkedIn,Jane,2023-12-19,2023-12-29,2024-02-09,Hired
1183,183,LinkedIn,John,2019-11-29,2019-12-13,2020-01-03,Hired
1184,184,LinkedIn,Jane,2021-05-10,2021-05-29,2021-07-02,Hired
1185,185,Referral,Alice,2022-05-14,2022-05-25,2022-06-06,Hired
1186,186,LinkedIn,Robert,2023-08-10,2023-08-15,2023-09-06,Hired
1187,187,Naukri,John,2023-07-05,2023-07-19,2023-08-06,Hired
1188,188,Referral,Robert,2020-08-03,2020-08-12,2020-08-30,Hired
1189,189,Naukri,John,2022-12-16,2022-12-21,2023-01-31,Hired
1190,190,Naukri,Alice,2020-11-11,2020-11-25,2021-01-03,Hired
1191,191,LinkedIn,Alice,2023-09-09,2023-09-14,2023-10-02,Hired
1192,192,LinkedIn,Jane,2022-02-27,2022-03-13,2022-03-29,Hired
1193,193,Naukri,Neha,2022-11-06,2022-11-11,2023-01-03,Hired
1194,194,Referral,Alice,2022-05-07,2022-05-21,2022-05-26,Hired
1195,195,Referral,John,2020-09-10,2020-09-26,2020-10-10,Hired
1196,196,Referral,Robert,2020-04-18,2020-04-24,2020-06-08,Hired
1197,197,LinkedIn,Jane,2022-02-06,2022-02-15,2022-03-09,Hired
1198,198,Referral,Jane,2021-07-06,2021-07-25,2021-08-29,Hired
1199,199,Referral,John,2020-10-09,2020-10-22,2020-11-01,Hired
1200,200,Naukri,Jane,2021-12-12,2021-12-27,2022-01-19,Hired
1201,201,LinkedIn,Neha,2020-09-01,2020-09-17,2020-09-15,Hired
1202,202,Naukri,Jane,2021-10-02,2021-10-11,2021-10-27,Hired
1203,203,Referral,Jane,2021-03-21,2021-03-27,2021-04-11,Hired
1204,204,Referral,Alice,2023-10-03,2023-10-20,2023-10-25,Hired
1205,205,Naukri,John,2024-01-24,2024-02-02,2024-02-04,Hired
1206,206,Referral,Robert,2020-11-19,2020-12-08,2020-11-30,Hired
1207,207,Naukri,Robert,2021-03-25,2021-04-14,2021-04-16,Hired
1208,208,Referral,Neha,2021-02-04,2021-02-17,2021-03-20,Hired
1209,209,Naukri,Robert,2021-01-30,2021-02-07,2021-03-13,Hired
1210,210,LinkedIn,Robert,2022-11-30,2022-12-10,2023-01-25,Hired
1211,211,Referral,Robert,2023-03-04,2023-03-17,2023-03-24,Hired
1212,212,LinkedIn,John,2020-06-18,2020-06-25,2020-07-10,Hired
1213,213,Referral,John,2021-12-06,2021-12-20,2021-12-25,Hired
1214,214,Naukri,Alice,2023-06-13,2023-06-23,2023-07-12,Hired
1215,215,LinkedIn,John,2020-07-03,2020-07-18,2020-08-03,Hired
1216,216,LinkedIn,Alice,2023-09-30,2023-10-09,2023-11-26,Hired
1217,217,LinkedIn,Robert,2023-06-21,2023-06-27,2023-07-02,Hired
1218,218,Referral,John,2023-03-20,2023-03-29,2023-03-31,Hired
1219,219,Naukri,Alice,2023-04-06,2023-04-23,2023-05-29,Hired
1220,220,LinkedIn,John,2019-11-28,2019-12-07,2020-01-24,Hired
1221,221,LinkedIn,John,2022-05-10,2022-05-28,2022-06-23,Hired
1222,222,LinkedIn,John,2022-08-06,2022-08-11,2022-09-19,Hired
1223,223,Naukri,Jane,2022-01-16,2022-01-24,2022-03-14,Hired
1224,224,Referral,John,2022-07-27,2022-08-05,2022-09-09,Hired
1225,225,Naukri,Robert,2022-09-14,2022-09-26,2022-11-11,Hired
1226,226,Naukri,Alice,2020-03-21,2020-04-08,2020-05-11,Hired
1227,227,Naukri,Neha,2020-08-03,2020-08-17,2020-08-22,Hired
1228,228,LinkedIn,Alice,2020-08-02,2020-08-14,2020-09-09,Hired
1229,229,Naukri,Robert,2021-05-24,2021-06-04,2021-06-24,Hired
1230,230,LinkedIn,Neha,2022-05-10,2022-05-22,2022-06-05,Hired
1231,231,Referral,John,2022-03-09,2022-03-20,2022-04-01,Hired
1232,232,LinkedIn,Robert,2022-07-25,2022-08-12,2022-09-17,Hired
1233,233,Referral,John,2020-02-17,2020-02-28,2020-03-10,Hired
1234,234,LinkedIn,Alice,2022-04-04,2022-04-09,2022-05-02,Hired
1235,235,Naukri,John,2021-04-29,2021-05-17,2021-06-21,Hired
1236,236,Referral,John,2020-03-24,2020-04-05,2020-04-18,Hired
1237,237,Naukri,Robert,2020-03-27,2020-04-16,2020-05-13,Hired
1238,238,Naukri,Robert,2021-10-06,2021-10-18,2021-11-11,Hired
1239,239,Naukri,Jane,2023-11-08,2023-11-25,2023-11-29,Hired
1240,240,Referral,Alice,2020-04-22,2020-04-28,2020-05-17,Hired
1241,241,Referral,Robert,2023-08-28,2023-09-04,2023-10-13,Hired
1242,242,Naukri,Jane,2021-12-03,2021-12-08,2022-01-28,Hired
1243,243,LinkedIn,Robert,2022-11-29,2022-12-10,2023-01-01,Hired
1244,244,Referral,Alice,2022-05-02,2022-05-09,2022-06-18,Hired
1245,245,Referral,John,2020-08-03,2020-08-09,2020-09-20,Hired
1246,246,Referral,John,2021-07-18,2021-07-27,2021-08-06,Hired
1247,247,Naukri,John,2021-09-02,2021-09-15,2021-09-17,Hired
1248,248,LinkedIn,Robert,2020-05-23,2020-05-28,2020-06-17,Hired
1249,249,LinkedIn,Jane,2022-09-28,2022-10-15,2022-10-25,Hired
1250,250,Referral,Alice,2020-06-09,2020-06-24,2020-07-16,Hired
1251,251,LinkedIn,Alice,2020-12-22,2021-01-01,2021-01-17,Hired
1252,252,Naukri,Neha,2022-10-07,2022-10-22,2022-11-04,Hired
1253,253,Referral,Alice,2021-08-27,2021-09-12,2021-09-22,Hired
1254,254,Referral,John,2023-08-22,2023-09-04,2023-10-13,Hired
1255,255,LinkedIn,Robert,2023-01-20,2023-02-03,2023-03-15,Hired
1256,256,LinkedIn,John,2023-06-03,2023-06-08,2023-06-15,Hired
1257,257,Naukri,Jane,2023-12-12,2023-12-26,2024-01-02,Hired
1258,258,Referral,Robert,2021-11-27,2021-12-14,2022-01-05,Hired
1259,259,Naukri,Jane,2020-01-09,2020-01-14,2020-02-05,Hired
1260,260,Referral,Neha,2023-10-12,2023-10-31,2023-11-02,Hired
1261,261,Referral,Jane,2022-04-30,2022-05-13,2022-05-19,Hired
1262,262,Naukri,Alice,2023-09-12,2023-09-24,2023-10-04,Hired
1263,263,Naukri,Jane,2023-08-07,2023-08-12,2023-08-17,Hired
1264,264,LinkedIn,Jane,2022-12-07,2022-12-23,2022-12-24,Hired
1265,265,LinkedIn,Alice,2023-05-02,2023-05-13,2023-05-18,Hired
1266,266,Referral,Neha,2022-01-30,2022-02-13,2022-02-11,Hired
1267,267,Naukri,Jane,2020-12-13,2021-01-01,2021-01-13,Hired
1268,268,LinkedIn,Jane,2020-05-25,2020-06-08,2020-06-06,Hired
1269,269,LinkedIn,Robert,2020-01-19,2020-01-29,2020-02-09,Hired
1270,270,Referral,Jane,2022-06-09,2022-06-20,2022-08-02,Hired
1271,271,Referral,Jane,2021-10-27,2021-11-12,2021-11-24,Hired
1272,272,Naukri,Alice,2023-06-21,2023-06-30,2023-07-20,Hired
1273,273,Referral,John,2022-05-18,2022-05-30,2022-07-08,Hired
1274,274,Referral,Alice,2021-07-31,2021-08-07,2021-08-27,Hired
1275,275,Naukri,Jane,2023-11-18,2023-11-28,2023-12-10,Hired
1276,276,LinkedIn,Robert,2021-07-12,2021-07-19,2021-08-04,Hired
1277,277,Naukri,Robert,2022-03-06,2022-03-17,2022-04-03,Hired
1278,278,Naukri,John,2023-06-26,2023-07-12,2023-08-24,Hired
1279,279,Naukri,John,2023-03-24,2023-04-04,2023-04-21,Hired
1280,280,Referral,Alice,2022-05-14,2022-05-31,2022-06-01,Hired
1281,281,Naukri,Alice,2021-12-21,2022-01-10,2022-01-18,Hired
1282,282,LinkedIn,Robert,2022-02-03,2022-02-16,2022-03-19,Hired
1283,283,Naukri,Alice,2023-05-09,2023-05-23,2023-07-04,Hired
1284,284,Referral,Neha,2023-10-14,2023-10-29,2023-11-22,Hired
1285,285,LinkedIn,Neha,2023-01-09,2023-01-19,2023-03-04,Hired
1286,286,LinkedIn,Robert,2020-12-27,2021-01-11,2021-01-18,Hired
1287,287,Referral,Robert,2021-07-10,2021-07-24,2021-09-07,Hired
1288,288,Naukri,Neha,2021-04-19,2021-05-04,2021-05-03,Hired
1289,289,Referral,Jane,2023-08-26,2023-09-15,2023-10-11,Hired
1290,290,LinkedIn,Jane,2022-01-16,2022-02-05,2022-02-10,Hired
1291,291,LinkedIn,Neha,2021-11-01,2021-11-17,2021-12-27,Hired
1292,292,Naukri,Robert,2023-02-20,2023-02-28,2023-03-14,Hired
1293,293,Naukri,Neha,2021-09-13,2021-09-23,2021-11-03,Hired
1294,294,Naukri,Neha,2022-06-17,2022-06-26,2022-08-06,Hired
1295,295,Referral,Robert,2020-02-29,2020-03-19,2020-03-27,Hired
1296,296,LinkedIn,Alice,2022-05-08,2022-05-25,2022-06-09,Hired
1297,297,Naukri,Robert,2022-05-29,2022-06-08,2022-07-13,Hired
1298,298,Referral,Jane,2023-09-06,2023-09-15,2023-09-22,Hired
1299,299,LinkedIn,Jane,2022-08-29,2022-09-04,2022-10-25,Hired
1300,300,Naukri,John,2022-08-07,2022-08-13,2022-08-28,Hired
1301,301,Naukri,John,2021-01-06,2021-01-20,2021-02-02,Hired
1302,302,LinkedIn,Jane,2023-03-30,2023-04-07,2023-05-18,Hired
1303,303,LinkedIn,Robert,2023-05-04,2023-05-24,2023-05-20,Hired
1304,304,LinkedIn,John,2019-12-25,2020-01-08,2020-01-13,Hired
1305,305,Naukri,Neha,2021-08-11,2021-08-24,2021-09-12,Hired
1306,306,LinkedIn,John,2021-05-14,2021-05-26,2021-07-11,Hired
1307,307,Referral,Neha,2020-03-01,2020-03-11,2020-04-30,Hired
1308,308,Referral,John,2020-12-24,2021-01-10,2021-02-09,Hired
1309,309,Referral,Neha,2022-03-15,2022-03-28,2022-04-25,Hired
1310,310,LinkedIn,Robert,2022-10-30,2022-11-18,2022-11-18,Hired
1311,311,LinkedIn,Robert,2024-01-12,2024-01-17,2024-01-28,Hired
1312,312,LinkedIn,John,2020-12-12,2020-12-25,2021-01-24,Hired
1313,313,Naukri,Robert,2023-05-06,2023-05-21,2023-06-09,Hired
1314,314,Referral,John,2023-01-15,2023-01-23,2023-02-20,Hired
1315,315,Naukri,John,2022-08-29,2022-09-07,2022-09-09,Hired
1316,316,LinkedIn,Neha,2023-06-30,2023-07-17,2023-08-17,Hired
1317,317,Naukri,Jane,2021-03-02,2021-03-21,2021-04-15,Hired
1318,318,Referral,John,2021-02-22,2021-03-11,2021-03-14,Hired
1319,319,LinkedIn,Robert,2022-11-28,2022-12-07,2022-12-21,Hired
1320,320,LinkedIn,Alice,2023-01-28,2023-02-02,2023-03-19,Hired
1321,321,LinkedIn,Alice,2023-07-07,2023-07-20,2023-07-31,Hired
1322,322,Referral,John,2022-01-12,2022-01-25,2022-03-06,Hired
1323,323,LinkedIn,Neha,2022-03-29,2022-04-04,2022-05-18,Hired
1324,324,LinkedIn,Jane,2020-10-06,2020-10-12,2020-11-07,Hired
1325,325,Naukri,Robert,2022-12-29,2023-01-03,2023-02-11,Hired
1326,326,Referral,Jane,2023-10-20,2023-11-03,2023-11-28,Hired
1327,327,Naukri,Robert,2020-11-18,2020-11-24,2020-12-24,Hired
1328,328,Naukri,Alice,2021-02-15,2021-03-06,2021-03-21,Hired
1329,329,Referral,Alice,2022-09-12,2022-09-20,2022-09-22,Hired
1330,330,Naukri,John,2021-03-18,2021-03-25,2021-05-04,Hired
1331,331,Naukri,Jane,2021-02-10,2021-02-24,2021-03-31,Hired
1332,332,Referral,John,2020-11-25,2020-12-09,2021-01-07,Hired
1333,333,LinkedIn,Jane,2021-04-22,2021-04-29,2021-05-15,Hired
1334,334,LinkedIn,Alice,2021-05-01,2021-05-21,2021-05-24,Hired
1335,335,Naukri,Robert,2021-03-02,2021-03-07,2021-04-20,Hired
1336,336,Naukri,Alice,2022-02-19,2022-03-10,2022-04-12,Hired
1337,337,LinkedIn,John,2023-08-01,2023-08-16,2023-09-11,Hired
1338,338,Naukri,Neha,2020-06-02,2020-06-18,2020-07-13,Hired
1339,339,Naukri,John,2020-01-25,2020-02-03,2020-03-18,Hired
1340,340,Naukri,John,2021-09-02,2021-09-08,2021-10-21,Hired
1341,341,Naukri,Robert,2021-04-25,2021-05-01,2021-05-18,Hired
1342,342,LinkedIn,Alice,2022-01-29,2022-02-07,2022-02-28,Hired
1343,343,Naukri,Alice,2021-09-13,2021-10-01,2021-10-22,Hired
1344,344,LinkedIn,John,2020-03-12,2020-03-17,2020-04-02,Hired
1345,345,LinkedIn,Robert,2020-08-09,2020-08-16,2020-09-29,Hired
1346,346,Naukri,Robert,2022-12-07,2022-12-12,2023-01-06,Hired
1347,347,Naukri,Alice,2020-04-14,2020-05-01,2020-05-18,Hired
1348,348,LinkedIn,Alice,2021-02-01,2021-02-19,2021-03-20,Hired
1349,349,Referral,Neha,2021-07-12,2021-07-22,2021-08-29,Hired
1350,350,LinkedIn,Jane,2021-09-03,2021-09-17,2021-10-05,Hired
1351,351,Naukri,John,2020-08-05,2020-08-10,2020-09-10,Hired
1352,352,Referral,John,2022-12-02,2022-12-11,2023-01-10,Hired
1353,353,Referral,Jane,2022-12-14,2023-01-03,2022-12-29,Hired
1354,354,Naukri,Robert,2020-12-25,2021-01-04,2021-01-20,Hired
1355,355,LinkedIn,Jane,2022-04-03,2022-04-15,2022-05-14,Hired
1356,356,LinkedIn,John,2022-05-09,2022-05-28,2022-07-05,Hired
1357,357,Referral,Neha,2022-03-27,2022-04-03,2022-05-25,Hired
1358,358,Referral,Alice,2020-10-16,2020-10-28,2020-12-02,Hired
1359,359,Referral,Alice,2022-06-14,2022-06-22,2022-07-01,Hired
1360,360,Referral,Alice,2023-08-08,2023-08-18,2023-09-22,Hired
1361,361,LinkedIn,John,2020-02-26,2020-03-16,2020-03-24,Hired
1362,362,LinkedIn,Neha,2023-02-23,2023-03-02,2023-04-19,Hired
1363,363,Naukri,Jane,2020-04-01,2020-04-14,2020-05-07,Hired
1364,364,Referral,Alice,2022-04-19,2022-04-29,2022-05-28,Hired
1365,365,Naukri,Robert,2021-02-15,2021-03-02,2021-03-25,Hired
1366,366,Naukri,Jane,2023-09-13,2023-10-02,2023-10-08,Hired
1367,367,Referral,Jane,2023-05-13,2023-06-02,2023-07-01,Hired
1368,368,LinkedIn,Jane,2020-08-21,2020-08-27,2020-09-17,Hired
1369,369,LinkedIn,Alice,2022-03-06,2022-03-19,2022-03-20,Hired
1370,370,LinkedIn,Alice,2023-03-27,2023-04-07,2023-05-16,Hired
1371,371,Naukri,Robert,2021-11-03,2021-11-19,2021-12-22,Hired
1372,372,Referral,Jane,2022-06-02,2022-06-17,2022-07-24,Hired
1373,373,LinkedIn,John,2023-01-20,2023-02-09,2023-02-02,Hired
1374,374,LinkedIn,Neha,2022-12-18,2022-12-26,2023-01-31,Hired
1375,375,Naukri,John,2020-01-02,2020-01-09,2020-02-09,Hired
1376,376,LinkedIn,John,2021-11-26,2021-12-04,2021-12-25,Hired
1377,377,LinkedIn,Alice,2022-02-22,2022-03-05,2022-04-08,Hired
1378,378,Naukri,Alice,2020-07-23,2020-07-30,2020-09-06,Hired
1379,379,Naukri,Robert,2021-07-14,2021-07-28,2021-08-19,Hired
1380,380,Naukri,Jane,2020-05-03,2020-05-14,2020-05-15,Hired
1381,381,Naukri,Robert,2020-01-02,2020-01-15,2020-01-23,Hired
1382,382,Referral,Neha,2020-07-10,2020-07-16,2020-09-01,Hired
1383,383,Naukri,Neha,2022-09-16,2022-09-26,2022-10-27,Hired
1384,384,LinkedIn,John,2023-09-05,2023-09-22,2023-10-26,Hired
1385,385,Naukri,Neha,2020-04-09,2020-04-26,2020-05-13,Hired
1386,386,LinkedIn,Robert,2021-10-06,2021-10-14,2021-11-19,Hired
1387,387,Referral,Jane,2022-07-19,2022-08-04,2022-08-08,Hired
1388,388,Referral,Jane,2023-04-27,2023-05-16,2023-06-04,Hired
1389,389,Referral,John,2020-08-26,2020-09-03,2020-10-09,Hired
1390,390,Naukri,Jane,2021-05-22,2021-06-10,2021-06-06,Hired
1391,391,LinkedIn,Robert,2022-01-21,2022-02-05,2022-02-03,Hired
1392,392,LinkedIn,Alice,2020-08-08,2020-08-13,2020-08-28,Hired
1393,393,Referral,Jane,2021-01-02,2021-01-21,2021-01-16,Hired
1394,394,Naukri,John,2020-05-04,2020-05-16,2020-07-02,Hired
1395,395,Referral,Alice,2022-04-24,2022-05-05,2022-05-14,Hired
1396,396,Naukri,John,2023-02-14,2023-02-22,2023-03-27,Hired
1397,397,Referral,John,2022-05-02,2022-05-17,2022-06-21,Hired
1398,398,Referral,John,2023-06-01,2023-06-07,2023-07-19,Hired
1399,399,Naukri,Alice,2020-03-16,2020-03-26,2020-03-30,Hired
1400,400,LinkedIn,Jane,2023-02-16,2023-03-02,2023-04-08,Hired
1401,401,Referral,Robert,2022-11-29,2022-12-06,2023-01-18,Hired
1402,402,Referral,Alice,2023-11-21,2023-12-05,2024-01-16,Hired
1403,403,LinkedIn,Alice,2020-05-20,2020-06-05,2020-07-19,Hired
1404,404,Naukri,John,2022-03-15,2022-03-29,2022-04-06,Hired
1405,405,LinkedIn,Alice,2020-09-27,2020-10-16,2020-11-10,Hired
1406,406,LinkedIn,Alice,2021-05-31,2021-06-20,2021-06-13,Hired
1407,407,Referral,Jane,2020-10-14,2020-10-21,2020-12-06,Hired
1408,408,Naukri,Jane,2022-04-27,2022-05-10,2022-05-07,Hired
1409,409,Naukri,Jane,2023-03-28,2023-04-05,2023-04-15,Hired
1410,410,Naukri,Robert,2021-02-26,2021-03-08,2021-03-17,Hired
1411,411,Naukri,John,2021-10-21,2021-11-08,2021-11-14,Hired
1412,412,LinkedIn,Jane,2022-03-28,2022-04-16,2022-04-24,Hired
1413,413,Naukri,Alice,2020-05-16,2020-05-28,2020-06-27,Hired
1414,414,Naukri,Jane,2020-01-04,2020-01-15,2020-02-17,Hired
1415,415,Referral,Alice,2023-10-16,2023-11-04,2023-11-28,Hired
1416,416,Referral,Neha,2022-05-12,2022-05-29,2022-06-06,Hired
1417,417,LinkedIn,Jane,2020-08-12,2020-08-29,2020-09-03,Hired
1418,418,LinkedIn,Alice,2022-03-09,2022-03-14,2022-05-01,Hired
1419,419,Referral,Robert,2020-10-30,2020-11-14,2020-11-14,Hired
1420,420,Naukri,John,2021-12-28,2022-01-13,2022-02-13,Hired
1421,421,Referral,Robert,2023-11-10,2023-11-16,2023-12-28,Hired
1422,422,Naukri,Alice,2023-12-10,2023-12-18,2024-01-02,Hired
1423,423,LinkedIn,Jane,2022-12-09,2022-12-27,2023-01-16,Hired
1424,424,LinkedIn,Jane,2022-01-14,2022-01-20,2022-03-05,Hired
1425,425,Naukri,Neha,2022-01-19,2022-01-30,2022-02-10,Hired
1426,426,Naukri,Neha,2023-08-13,2023-08-23,2023-08-26,Hired
1427,427,LinkedIn,Neha,2020-05-28,2020-06-07,2020-06-24,Hired
1428,428,Naukri,Neha,2023-05-19,2023-06-01,2023-07-01,Hired
1429,429,LinkedIn,Jane,2023-04-12,2023-04-26,2023-06-02,Hired
1430,430,Naukri,Jane,2023-11-11,2023-12-01,2023-12-19,Hired
1431,431,Naukri,Jane,2019-12-11,2019-12-31,2020-01-20,Hired
1432,432,Naukri,Robert,2020-04-19,2020-05-01,2020-06-14,Hired
1433,433,Naukri,Robert,2021-10-13,2021-10-23,2021-11-30,Hired
1434,434,Naukri,Alice,2020-05-25,2020-06-07,2020-06-27,Hired
1435,435,Referral,Jane,2022-11-01,2022-11-06,2022-12-09,Hired
1436,436,Naukri,Neha,2022-07-12,2022-07-20,2022-08-12,Hired
1437,437,LinkedIn,Alice,2022-03-11,2022-03-30,2022-04-22,Hired
1438,438,LinkedIn,Alice,2021-06-03,2021-06-09,2021-07-28,Hired
1439,439,Naukri,John,2021-09-10,2021-09-20,2021-09-22,Hired
1440,440,Referral,Neha,2020-01-18,2020-01-24,2020-02-27,Hired
1441,441,Naukri,Jane,2022-12-03,2022-12-13,2023-01-13,Hired
1442,442,Naukri,Neha,2020-09-15,2020-09-28,2020-10-19,Hired
1443,443,Referral,John,2021-05-01,2021-05-06,2021-06-14,Hired
1444,444,Referral,Jane,2020-05-28,2020-06-07,2020-07-24,Hired
1445,445,Referral,Neha,2021-11-17,2021-11-28,2022-01-16,Hired
1446,446,LinkedIn,Neha,2023-03-21,2023-04-02,2023-04-26,Hired
1447,447,Naukri,Neha,2022-05-05,2022-05-24,2022-06-03,Hired
1448,448,LinkedIn,Jane,2022-05-29,2022-06-14,2022-07-09,Hired
1449,449,LinkedIn,Jane,2023-11-21,2023-12-02,2023-12-29,Hired
1450,450,LinkedIn,Jane,2022-04-21,2022-04-28,2022-05-12,Hired
1451,451,LinkedIn,Jane,2023-01-12,2023-01-31,2023-02-25,Hired
1452,452,LinkedIn,Jane,2022-06-04,2022-06-13,2022-07-31,Hired
1453,453,LinkedIn,Neha,2021-01-20,2021-02-09,2021-02-14,Hired
1454,454,LinkedIn,Neha,2020-01-07,2020-01-20,2020-02-23,Hired
1455,455,Referral,Neha,2023-12-01,2023-12-19,2023-12-19,Hired
1456,456,Naukri,Alice,2022-03-15,2022-04-02,2022-04-29,Hired
1457,457,LinkedIn,Jane,2023-01-06,2023-01-16,2023-01-19,Hired
1458,458,Naukri,Robert,2022-04-21,2022-05-03,2022-06-04,Hired
1459,459,Referral,Robert,2021-10-23,2021-11-01,2021-12-21,Hired
1460,460,LinkedIn,Robert,2022-08-01,2022-08-07,2022-08-13,Hired
1461,461,Naukri,Robert,2022-11-28,2022-12-14,2023-01-14,Hired
1462,462,LinkedIn,John,2022-01-04,2022-01-10,2022-02-25,Hired
1463,463,Referral,Alice,2020-01-14,2020-02-02,2020-01-24,Hired
1464,464,LinkedIn,Jane,2023-04-30,2023-05-19,2023-06-03,Hired
1465,465,Naukri,John,2021-06-25,2021-07-15,2021-08-20,Hired
1466,466,LinkedIn,Neha,2022-08-23,2022-09-05,2022-10-15,Hired
1467,467,Referral,Alice,2020-01-07,2020-01-12,2020-03-05,Hired
1468,468,Referral,Jane,2022-10-28,2022-11-15,2022-11-16,Hired
1469,469,Referral,Jane,2021-02-15,2021-03-06,2021-03-06,Hired
1470,470,LinkedIn,Alice,2021-10-27,2021-11-09,2021-12-10,Hired
1471,471,Referral,Alice,2022-06-07,2022-06-19,2022-07-21,Hired
1472,472,Naukri,John,2023-01-01,2023-01-17,2023-02-15,Hired
1473,473,Referral,Alice,2021-04-09,2021-04-27,2021-05-10,Hired
1474,474,Referral,Jane,2024-01-05,2024-01-17,2024-01-23,Hired
1475,475,LinkedIn,Jane,2021-04-22,2021-05-01,2021-05-03,Hired
1476,476,LinkedIn,Jane,2022-12-28,2023-01-13,2023-02-22,Hired
1477,477,LinkedIn,Jane,2022-11-01,2022-11-08,2022-11-20,Hired
1478,478,LinkedIn,Alice,2023-01-30,2023-02-14,2023-03-28,Hired
1479,479,Naukri,Jane,2021-04-04,2021-04-09,2021-04-30,Hired
1480,480,LinkedIn,Jane,2023-08-25,2023-09-06,2023-09-08,Hired
1481,481,Naukri,Robert,2023-07-26,2023-08-09,2023-09-07,Hired
1482,482,Referral,Jane,2020-07-19,2020-08-06,2020-08-05,Hired
1483,483,Referral,Alice,2020-01-29,2020-02-14,2020-03-07,Hired
1484,484,LinkedIn,Jane,2022-02-07,2022-02-17,2022-04-07,Hired
1485,485,Naukri,John,2023-05-19,2023-06-01,2023-06-30,Hired
1486,486,Referral,Jane,2020-11-03,2020-11-09,2020-11-24,Hired
1487,487,Referral,John,2022-09-04,2022-09-21,2022-09-19,Hired
1488,488,Naukri,Jane,2021-08-03,2021-08-21,2021-09-09,Hired
1489,489,Referral,Alice,2023-05-11,2023-05-31,2023-06-25,Hired
1490,490,LinkedIn,Robert,2021-05-13,2021-05-18,2021-05-29,Hired
1491,491,LinkedIn,Neha,2021-11-07,2021-11-24,2021-11-22,Hired
1492,492,LinkedIn,Alice,2022-01-22,2022-01-28,2022-03-01,Hired
1493,493,Referral,Neha,2022-09-26,2022-10-14,2022-11-03,Hired
1494,494,Referral,Jane,2023-04-08,2023-04-21,2023-05-21,Hired
1495,495,Referral,Alice,2021-05-31,2021-06-10,2021-07-30,Hired
1496,496,Naukri,John,2023-09-25,2023-10-10,2023-10-29,Hired
1497,497,Naukri,Alice,2022-04-16,2022-04-26,2022-04-29,Hired
1498,498,Naukri,John,2021-04-17,2021-05-06,2021-05-16,Hired
1499,499,Naukri,Neha,2021-09-06,2021-09-16,2021-11-04,Hired
1500,500,LinkedIn,Robert,2020-09-22,2020-10-03,2020-11-01,Hired
1501,501,Referral,Jane,2022-11-26,2022-12-01,2022-12-25,Hired
1502,502,Naukri,Robert,2020-09-29,2020-10-08,2020-11-18,Hired
1503,503,Referral,Neha,2021-01-31,2021-02-16,2021-02-14,Hired
1504,504,LinkedIn,Alice,2022-08-14,2022-08-26,2022-09-27,Hired
1505,505,Referral,John,2023-04-22,2023-05-10,2023-05-11,Hired
1506,506,Naukri,Neha,2023-04-29,2023-05-08,2023-05-11,Hired
1507,507,Naukri,Neha,2023-10-03,2023-10-19,2023-11-18,Hired
1508,508,Referral,Jane,2023-02-06,2023-02-26,2023-03-26,Hired
1509,509,Naukri,John,2022-04-12,2022-04-21,2022-05-25,Hired
1510,510,Naukri,John,2021-12-01,2021-12-12,2021-12-16,Hired
1511,511,Naukri,Neha,2022-03-23,2022-04-06,2022-05-01,Hired
1512,512,Naukri,Robert,2023-09-27,2023-10-06,2023-11-18,Hired
1513,513,LinkedIn,Alice,2020-12-24,2020-12-31,2021-02-11,Hired
1514,514,LinkedIn,Alice,2022-06-16,2022-06-26,2022-07-03,Hired
1515,515,LinkedIn,John,2020-03-27,2020-04-10,2020-05-02,Hired
1516,516,Naukri,Jane,2021-02-03,2021-02-08,2021-02-16,Hired
1517,517,Referral,Robert,2021-06-26,2021-07-12,2021-08-13,Hired
1518,518,Referral,Jane,2020-11-02,2020-11-07,2020-12-18,Hired
1519,519,LinkedIn,Robert,2022-10-02,2022-10-19,2022-10-31,Hired
1520,520,LinkedIn,John,2022-08-28,2022-09-05,2022-10-14,Hired
1521,521,Referral,Jane,2022-11-10,2022-11-28,2022-12-09,Hired
1522,522,LinkedIn,Robert,2020-10-01,2020-10-14,2020-10-20,Hired
1523,523,Referral,Alice,2023-01-07,2023-01-20,2023-01-20,Hired
1524,524,LinkedIn,Alice,2021-09-29,2021-10-04,2021-11-02,Hired
1525,525,Referral,Alice,2022-10-05,2022-10-16,2022-10-21,Hired
1526,526,Naukri,Neha,2021-04-20,2021-04-25,2021-05-06,Hired
1527,527,Naukri,Neha,2019-12-19,2020-01-06,2020-01-11,Hired
1528,528,LinkedIn,Robert,2019-12-30,2020-01-04,2020-01-10,Hired
1529,529,Naukri,Robert,2021-06-26,2021-07-15,2021-07-12,Hired
1530,530,Naukri,Robert,2021-07-20,2021-07-31,2021-09-10,Hired
1531,531,Referral,Jane,2021-06-02,2021-06-13,2021-06-19,Hired
1532,532,Naukri,Neha,2022-11-05,2022-11-22,2022-12-17,Hired
1533,533,Naukri,John,2023-07-18,2023-07-26,2023-09-10,Hired
1534,534,LinkedIn,Alice,2021-02-22,2021-03-11,2021-03-21,Hired
1535,535,LinkedIn,Alice,2023-08-01,2023-08-07,2023-09-23,Hired
1536,536,Naukri,Jane,2020-01-22,2020-02-02,2020-02-22,Hired
1537,537,Referral,Jane,2020-07-30,2020-08-17,2020-08-12,Hired
1538,538,Referral,Jane,2021-08-15,2021-09-03,2021-10-04,Hired
1539,539,Naukri,Alice,2021-12-10,2021-12-24,2022-01-20,Hired
1540,540,Referral,Neha,2021-07-12,2021-07-20,2021-08-16,Hired
1541,541,Naukri,Robert,2023-02-03,2023-02-11,2023-04-04,Hired
1542,542,Referral,John,2023-06-11,2023-06-30,2023-06-29,Hired
1543,543,LinkedIn,John,2020-11-01,2020-11-10,2020-11-12,Hired
1544,544,LinkedIn,Alice,2021-05-05,2021-05-17,2021-07-03,Hired
1545,545,Naukri,Neha,2022-04-23,2022-05-12,2022-05-26,Hired
1546,546,Naukri,Neha,2020-09-26,2020-10-10,2020-11-13,Hired
1547,547,LinkedIn,Robert,2022-12-23,2023-01-05,2023-02-13,Hired
1548,548,Referral,Neha,2022-07-07,2022-07-18,2022-08-15,Hired
1549,549,Referral,Robert,2020-12-08,2020-12-25,2021-01-04,Hired
1550,550,Referral,Neha,2023-10-22,2023-11-03,2023-11-20,Hired
1551,551,Naukri,Alice,2021-11-20,2021-12-10,2022-01-13,Hired
1552,552,Naukri,Robert,2020-07-01,2020-07-19,2020-08-16,Hired
1553,553,LinkedIn,Jane,2022-07-14,2022-07-28,2022-07-27,Hired
1554,554,LinkedIn,Alice,2023-07-11,2023-07-27,2023-07-27,Hired
1555,555,LinkedIn,Alice,2022-08-02,2022-08-13,2022-08-29,Hired
1556,556,Naukri,Jane,2023-09-28,2023-10-08,2023-10-16,Hired
1557,557,LinkedIn,Alice,2021-01-11,2021-01-22,2021-02-19,Hired
1558,558,Naukri,John,2020-01-13,2020-01-24,2020-01-24,Hired
1559,559,LinkedIn,Jane,2021-05-02,2021-05-16,2021-05-25,Hired
1560,560,LinkedIn,Robert,2021-05-27,2021-06-03,2021-06-14,Hired
1561,561,LinkedIn,Robert,2023-05-07,2023-05-22,2023-06-20,Hired
1562,562,Naukri,Jane,2022-01-03,2022-01-11,2022-02-23,Hired
1563,563,LinkedIn,Alice,2021-01-27,2021-02-01,2021-02-08,Hired
1564,564,LinkedIn,Jane,2022-10-19,2022-10-30,2022-11-23,Hired
1565,565,Referral,Neha,2021-12-14,2021-12-20,2022-01-11,Hired
1566,566,Naukri,Jane,2023-06-06,2023-06-17,2023-06-24,Hired
1567,567,LinkedIn,Alice,2022-12-13,2023-01-02,2022-12-30,Hired
1568,568,Referral,Alice,2023-11-09,2023-11-16,2023-12-24,Hired
1569,569,LinkedIn,Alice,2023-01-21,2023-01-29,2023-02-18,Hired
1570,570,Referral,Robert,2022-11-01,2022-11-20,2022-12-15,Hired
1571,571,Naukri,Robert,2020-04-06,2020-04-13,2020-05-12,Hired
1572,572,Naukri,Jane,2021-04-29,2021-05-17,2021-06-19,Hired
1573,573,Naukri,John,2020-01-29,2020-02-07,2020-03-26,Hired
1574,574,Naukri,Jane,2022-03-29,2022-04-03,2022-04-14,Hired
1575,575,LinkedIn,John,2022-08-19,2022-09-03,2022-09-12,Hired
1576,576,LinkedIn,John,2022-07-30,2022-08-07,2022-09-09,Hired
1577,577,Referral,Neha,2023-07-22,2023-08-07,2023-08-13,Hired
1578,578,LinkedIn,Robert,2022-08-04,2022-08-11,2022-08-25,Hired
1579,579,Naukri,Robert,2021-08-24,2021-09-07,2021-10-09,Hired
1580,580,Referral,Neha,2020-11-16,2020-11-26,2020-12-03,Hired
1581,581,Naukri,Jane,2022-04-12,2022-05-01,2022-04-24,Hired
1582,582,Naukri,Robert,2023-09-07,2023-09-19,2023-10-09,Hired
1583,583,LinkedIn,Robert,2021-12-14,2022-01-01,2021-12-29,Hired
1584,584,LinkedIn,John,2022-10-03,2022-10-16,2022-11-10,Hired
1585,585,Naukri,Alice,2023-12-16,2023-12-25,2024-02-06,Hired
1586,586,Naukri,John,2021-01-20,2021-02-01,2021-02-28,Hired
1587,587,LinkedIn,Neha,2022-12-05,2022-12-15,2023-01-09,Hired
1588,588,LinkedIn,Jane,2023-07-12,2023-07-30,2023-08-27,Hired
1589,589,Naukri,Robert,2022-04-02,2022-04-15,2022-05-18,Hired
1590,590,LinkedIn,John,2022-12-28,2023-01-04,2023-01-10,Hired
1591,591,Naukri,Alice,2021-03-26,2021-04-05,2021-04-17,Hired
1592,592,Naukri,John,2023-02-11,2023-02-25,2023-03-02,Hired
1593,593,Naukri,John,2020-10-03,2020-10-17,2020-11-09,Hired
1594,594,Referral,Alice,2021-01-21,2021-01-28,2021-02-23,Hired
1595,595,LinkedIn,John,2023-11-24,2023-12-02,2023-12-10,Hired
1596,596,Referral,Neha,2023-06-22,2023-07-05,2023-08-18,Hired
1597,597,LinkedIn,Jane,2023-07-14,2023-07-22,2023-08-25,Hired
1598,598,LinkedIn,Neha,2023-09-19,2023-09-26,2023-11-09,Hired
1599,599,Naukri,Robert,2023-07-08,2023-07-14,2023-07-18,Hired
1600,600,Referral,Jane,2022-03-18,2022-04-07,2022-05-02,Hired
1601,601,LinkedIn,Jane,2020-01-17,2020-01-27,2020-02-16,Hired
1602,602,LinkedIn,Robert,2021-08-11,2021-08-20,2021-08-30,Hired
1603,603,Naukri,Alice,2023-05-08,2023-05-24,2023-06-13,Hired
1604,604,Naukri,John,2023-06-23,2023-07-07,2023-08-22,Hired
1605,605,Naukri,Neha,2021-05-17,2021-05-22,2021-06-05,Hired
1606,606,LinkedIn,Jane,2023-11-15,2023-11-28,2023-12-04,Hired
1607,607,LinkedIn,Alice,2020-03-19,2020-04-08,2020-04-18,Hired
1608,608,LinkedIn,Alice,2022-04-09,2022-04-28,2022-05-18,Hired
1609,609,Referral,John,2020-03-24,2020-03-29,2020-05-02,Hired
1610,610,Naukri,Neha,2021-06-11,2021-06-23,2021-07-26,Hired
1611,611,Referral,Jane,2021-07-13,2021-07-27,2021-09-01,Hired
1612,612,Naukri,John,2023-11-03,2023-11-11,2023-12-14,Hired
1613,613,LinkedIn,Robert,2021-07-09,2021-07-18,2021-08-12,Hired
1614,614,LinkedIn,Jane,2021-12-01,2021-12-18,2021-12-13,Hired
1615,615,Referral,John,2022-12-14,2022-12-21,2023-01-15,Hired
1616,616,LinkedIn,Neha,2022-01-12,2022-01-20,2022-02-21,Hired
1617,617,LinkedIn,Jane,2023-10-02,2023-10-17,2023-10-31,Hired
1618,618,LinkedIn,John,2023-05-24,2023-06-08,2023-06-24,Hired
1619,619,LinkedIn,Robert,2023-02-18,2023-03-06,2023-03-21,Hired
1620,620,LinkedIn,Jane,2023-07-18,2023-07-27,2023-08-30,Hired
1621,621,Naukri,Neha,2021-01-01,2021-01-07,2021-02-21,Hired
1622,622,Referral,Jane,2020-06-06,2020-06-14,2020-07-06,Hired
1623,623,LinkedIn,Jane,2021-03-16,2021-03-26,2021-04-04,Hired
1624,624,Referral,Jane,2022-03-20,2022-04-09,2022-04-10,Hired
1625,625,Referral,Alice,2022-04-06,2022-04-13,2022-05-02,Hired
1626,626,Naukri,Robert,2020-11-19,2020-11-25,2020-12-16,Hired
1627,627,Naukri,Jane,2023-10-09,2023-10-20,2023-10-26,Hired
1628,628,Naukri,Neha,2023-07-16,2023-07-23,2023-08-06,Hired
1629,629,Referral,Alice,2023-07-16,2023-07-28,2023-09-08,Hired
1630,630,LinkedIn,Jane,2022-04-09,2022-04-16,2022-05-13,Hired
1631,631,Naukri,Jane,2023-12-06,2023-12-14,2024-01-14,Hired
1632,632,LinkedIn,Robert,2022-12-27,2023-01-16,2023-02-24,Hired
1633,633,Referral,Alice,2023-10-31,2023-11-17,2023-12-17,Hired
1634,634,Referral,Neha,2022-08-24,2022-09-06,2022-09-27,Hired
1635,635,LinkedIn,John,2020-09-28,2020-10-07,2020-11-09,Hired
1636,636,Referral,Robert,2022-08-05,2022-08-11,2022-10-01,Hired
1637,637,Naukri,Neha,2019-12-09,2019-12-23,2020-01-09,Hired
1638,638,LinkedIn,Jane,2020-05-25,2020-06-12,2020-07-21,Hired
1639,639,Naukri,Robert,2022-07-22,2022-08-04,2022-08-31,Hired
1640,640,LinkedIn,John,2022-08-18,2022-08-31,2022-09-23,Hired
1641,641,Naukri,Jane,2020-07-19,2020-08-08,2020-09-14,Hired
1642,642,Naukri,Neha,2022-01-28,2022-02-02,2022-02-28,Hired
1643,643,LinkedIn,Jane,2020-07-29,2020-08-05,2020-09-25,Hired
1644,644,LinkedIn,Alice,2020-10-27,2020-11-08,2020-12-26,Hired
1645,645,Referral,Alice,2023-05-22,2023-05-31,2023-07-14,Hired
1646,646,Referral,Alice,2020-04-24,2020-05-12,2020-05-29,Hired
1647,647,Referral,John,2023-03-14,2023-03-22,2023-04-30,Hired
1648,648,Referral,Neha,2023-06-20,2023-06-28,2023-07-26,Hired
1649,649,Referral,Neha,2020-12-23,2021-01-06,2021-02-02,Hired
1650,650,Naukri,Robert,2023-10-28,2023-11-02,2023-11-16,Hired
1651,651,Referral,Neha,2021-08-17,2021-08-24,2021-10-12,Hired
1652,652,Referral,John,2023-06-18,2023-07-08,2023-07-31,Hired
1653,653,LinkedIn,Alice,2022-12-08,2022-12-18,2023-01-20,Hired
1654,654,LinkedIn,Neha,2023-04-07,2023-04-18,2023-05-02,Hired
1655,655,Naukri,Jane,2023-03-01,2023-03-14,2023-03-15,Hired
1656,656,LinkedIn,Jane,2021-10-13,2021-10-21,2021-11-12,Hired
1657,657,Naukri,Neha,2023-12-01,2023-12-07,2024-01-26,Hired
1658,658,Referral,Neha,2020-01-01,2020-01-14,2020-01-16,Hired
1659,659,Referral,Robert,2020-02-05,2020-02-22,2020-02-26,Hired
1660,660,Naukri,John,2021-05-16,2021-05-31,2021-06-26,Hired
1661,661,LinkedIn,Neha,2023-10-07,2023-10-17,2023-11-22,Hired
1662,662,LinkedIn,Alice,2023-04-11,2023-04-26,2023-04-29,Hired
1663,663,LinkedIn,Alice,2020-12-03,2020-12-21,2021-01-21,Hired
1664,664,Naukri,Neha,2022-09-20,2022-10-04,2022-10-02,Hired
1665,665,Naukri,Neha,2020-05-10,2020-05-30,2020-06-23,Hired
1666,666,Naukri,Jane,2020-05-14,2020-05-21,2020-05-27,Hired
1667,667,Naukri,Robert,2019-12-03,2019-12-23,2020-01-04,Hired
1668,668,Referral,Robert,2020-05-02,2020-05-20,2020-05-25,Hired
1669,669,Naukri,John,2023-12-19,2024-01-05,2024-01-21,Hired
1670,670,LinkedIn,John,2020-11-08,2020-11-15,2021-01-04,Hired
1671,671,Referral,Jane,2022-06-16,2022-06-28,2022-07-16,Hired
1672,672,Referral,Robert,2021-08-31,2021-09-11,2021-10-08,Hired
1673,673,Referral,Alice,2023-06-30,2023-07-09,2023-07-14,Hired
1674,674,LinkedIn,Robert,2021-03-16,2021-03-28,2021-04-04,Hired
1675,675,Naukri,Jane,2021-07-26,2021-08-12,2021-09-09,Hired
1676,676,Naukri,Neha,2023-03-24,2023-04-06,2023-04-24,Hired
1677,677,Referral,Neha,2022-02-14,2022-02-21,2022-03-17,Hired
1678,678,LinkedIn,John,2023-06-12,2023-06-29,2023-07-30,Hired
1679,679,LinkedIn,Jane,2022-10-27,2022-11-10,2022-12-14,Hired
1680,680,Referral,Neha,2022-07-16,2022-08-02,2022-08-03,Hired
1681,681,Naukri,Jane,2021-04-25,2021-05-14,2021-05-05,Hired
1682,682,LinkedIn,Alice,2020-04-21,2020-05-09,2020-06-04,Hired
1683,683,Naukri,Robert,2021-05-12,2021-05-30,2021-05-22,Hired
1684,684,Naukri,Robert,2023-04-30,2023-05-20,2023-06-25,Hired
1685,685,Naukri,Robert,2020-01-18,2020-02-03,2020-02-15,Hired
1686,686,LinkedIn,John,2020-05-22,2020-06-02,2020-07-11,Hired
1687,687,Referral,Jane,2020-07-30,2020-08-07,2020-09-25,Hired
1688,688,Naukri,Alice,2022-08-10,2022-08-28,2022-09-08,Hired
1689,689,Naukri,John,2020-09-27,2020-10-16,2020-10-25,Hired
1690,690,LinkedIn,Jane,2021-02-19,2021-02-25,2021-03-01,Hired
1691,691,Naukri,Jane,2023-02-21,2023-03-06,2023-03-09,Hired
1692,692,Referral,Alice,2023-11-22,2023-12-10,2024-01-02,Hired
1693,693,Naukri,Alice,2021-07-03,2021-07-17,2021-08-24,Hired
1694,694,Naukri,Alice,2021-04-23,2021-05-10,2021-06-10,Hired
1695,695,LinkedIn,Neha,2023-09-15,2023-09-25,2023-11-06,Hired
1696,696,Referral,Robert,2022-12-01,2022-12-20,2022-12-23,Hired
1697,697,Referral,Neha,2021-11-19,2021-12-09,2021-12-06,Hired
1698,698,LinkedIn,Alice,2021-05-06,2021-05-25,2021-05-16,Hired
1699,699,Referral,Jane,2020-05-31,2020-06-10,2020-06-24,Hired
1700,700,Referral,Jane,2021-08-18,2021-09-05,2021-09-21,Hired
1701,701,Referral,Alice,2022-01-23,2022-02-02,2022-03-13,Hired
1702,702,Naukri,Alice,2023-07-25,2023-08-08,2023-09-12,Hired
1703,703,Referral,Robert,2021-08-22,2021-08-30,2021-10-02,Hired
1704,704,Naukri,Jane,2020-09-02,2020-09-20,2020-10-22,Hired
1705,705,Referral,John,2021-07-02,2021-07-15,2021-08-24,Hired
1706,706,Referral,John,2022-05-02,2022-05-10,2022-06-13,Hired
1707,707,Referral,Alice,2022-03-17,2022-03-25,2022-03-27,Hired
1708,708,LinkedIn,Robert,2020-04-07,2020-04-27,2020-05-14,Hired
1709,709,Referral,John,2023-02-06,2023-02-14,2023-03-14,Hired
1710,710,Naukri,Alice,2021-11-03,2021-11-09,2021-11-15,Hired
1711,711,Referral,Neha,2020-02-16,2020-02-23,2020-04-16,Hired
1712,712,Referral,John,2023-08-29,2023-09-07,2023-10-11,Hired
1713,713,Naukri,Alice,2022-07-15,2022-08-02,2022-08-20,Hired
1714,714,Referral,Jane,2020-02-19,2020-03-07,2020-04-07,Hired
1715,715,Referral,Alice,2022-09-13,2022-09-19,2022-10-03,Hired
1716,716,Referral,Robert,2020-03-31,2020-04-09,2020-04-13,Hired
1717,717,Referral,Alice,2023-12-03,2023-12-17,2023-12-29,Hired
1718,718,LinkedIn,Jane,2022-09-28,2022-10-15,2022-11-25,Hired
1719,719,LinkedIn,Neha,2022-05-20,2022-05-27,2022-06-02,Hired
1720,720,Naukri,John,2021-07-07,2021-07-14,2021-08-12,Hired
1721,721,Referral,Jane,2023-10-11,2023-10-26,2023-11-02,Hired
1722,722,LinkedIn,John,2022-09-26,2022-10-15,2022-10-20,Hired
1723,723,LinkedIn,Alice,2020-01-02,2020-01-20,2020-01-17,Hired
1724,724,Naukri,Alice,2020-01-20,2020-01-31,2020-02-04,Hired
1725,725,LinkedIn,Jane,2021-05-14,2021-05-22,2021-07-06,Hired
1726,726,Naukri,Robert,2022-05-31,2022-06-13,2022-07-21,Hired
1727,727,LinkedIn,Neha,2021-05-13,2021-05-24,2021-06-17,Hired
1728,728,Referral,Alice,2023-11-20,2023-12-09,2023-12-03,Hired
1729,729,LinkedIn,John,2020-05-10,2020-05-20,2020-05-24,Hired
1730,730,Referral,Jane,2023-06-08,2023-06-19,2023-06-25,Hired
1731,731,LinkedIn,Neha,2023-05-31,2023-06-06,2023-06-25,Hired
1732,732,Naukri,John,2020-01-09,2020-01-28,2020-03-04,Hired
1733,733,LinkedIn,Jane,2020-07-03,2020-07-19,2020-08-20,Hired
1734,734,Naukri,Robert,2023-03-02,2023-03-21,2023-03-16,Hired
1735,735,LinkedIn,Jane,2021-06-09,2021-06-29,2021-07-15,Hired
1736,736,Naukri,Robert,2023-07-13,2023-08-02,2023-08-08,Hired
1737,737,Referral,Robert,2023-11-24,2023-11-30,2023-12-08,Hired
1738,738,LinkedIn,Neha,2021-03-31,2021-04-13,2021-04-28,Hired
1739,739,LinkedIn,Jane,2022-09-02,2022-09-12,2022-10-27,Hired
1740,740,LinkedIn,Neha,2021-12-08,2021-12-24,2022-01-12,Hired
1741,741,Naukri,Alice,2022-02-11,2022-02-27,2022-03-20,Hired
1742,742,Referral,John,2020-05-10,2020-05-26,2020-06-18,Hired
1743,743,Referral,Jane,2023-06-24,2023-07-13,2023-07-06,Hired
1744,744,Naukri,John,2021-04-15,2021-04-23,2021-05-11,Hired
1745,745,Referral,Neha,2022-08-31,2022-09-08,2022-10-08,Hired
1746,746,LinkedIn,Jane,2022-11-02,2022-11-13,2022-12-08,Hired
1747,747,Naukri,Alice,2022-01-01,2022-01-06,2022-01-25,Hired
1748,748,LinkedIn,John,2023-01-19,2023-02-01,2023-02-26,Hired
1749,749,Referral,Robert,2022-03-26,2022-04-06,2022-05-22,Hired
1750,750,Naukri,Robert,2020-09-23,2020-09-30,2020-10-21,Hired
1751,751,Naukri,Alice,2023-09-13,2023-09-27,2023-10-28,Hired
1752,752,LinkedIn,Neha,2023-11-25,2023-12-02,2024-01-17,Hired
1753,753,Naukri,John,2023-08-01,2023-08-21,2023-09-30,Hired
1754,754,Referral,Neha,2021-01-27,2021-02-13,2021-02-10,Hired
1755,755,LinkedIn,Alice,2021-01-20,2021-02-08,2021-03-19,Hired
1756,756,Naukri,John,2022-09-05,2022-09-23,2022-10-11,Hired
1757,757,Naukri,John,2023-12-07,2023-12-25,2024-01-15,Hired
1758,758,Naukri,John,2023-10-10,2023-10-20,2023-11-19,Hired
1759,759,Referral,John,2020-02-10,2020-02-28,2020-03-22,Hired
1760,760,LinkedIn,Neha,2020-07-29,2020-08-15,2020-09-16,Hired
1761,761,Referral,Jane,2020-09-23,2020-10-11,2020-10-17,Hired
1762,762,Naukri,Robert,2023-05-19,2023-05-30,2023-07-05,Hired
1763,763,Naukri,Alice,2020-02-04,2020-02-16,2020-03-01,Hired
1764,764,LinkedIn,Jane,2023-02-11,2023-03-02,2023-04-09,Hired
1765,765,LinkedIn,Robert,2020-04-04,2020-04-10,2020-05-12,Hired
1766,766,Naukri,Neha,2023-06-30,2023-07-12,2023-08-17,Hired
1767,767,Naukri,Alice,2022-10-06,2022-10-14,2022-10-28,Hired
1768,768,Referral,Alice,2021-06-07,2021-06-14,2021-07-12,Hired
1769,769,Referral,Neha,2021-12-24,2022-01-04,2022-01-26,Hired
1770,770,LinkedIn,Neha,2022-05-24,2022-05-31,2022-06-29,Hired
1771,771,Referral,Alice,2023-02-10,2023-02-27,2023-02-21,Hired
1772,772,LinkedIn,John,2022-09-10,2022-09-24,2022-11-02,Hired
1773,773,LinkedIn,Jane,2023-01-11,2023-01-22,2023-02-11,Hired
1774,774,Referral,Jane,2022-12-19,2023-01-03,2023-02-14,Hired
1775,775,Naukri,Robert,2021-11-16,2021-11-24,2021-12-26,Hired
1776,776,Referral,Robert,2022-06-21,2022-06-30,2022-07-07,Hired
1777,777,LinkedIn,Jane,2020-10-28,2020-11-08,2020-12-27,Hired
1778,778,Referral,Jane,2022-01-12,2022-01-20,2022-02-19,Hired
1779,779,LinkedIn,Robert,2022-01-12,2022-01-29,2022-03-13,Hired
1780,780,LinkedIn,Neha,2021-10-05,2021-10-13,2021-10-24,Hired
1781,781,Naukri,Robert,2021-03-27,2021-04-12,2021-05-19,Hired
1782,782,Referral,John,2022-02-11,2022-02-20,2022-04-09,Hired
1783,783,Naukri,Neha,2020-12-01,2020-12-18,2020-12-16,Hired
1784,784,Referral,Neha,2022-10-21,2022-10-30,2022-12-19,Hired
1785,785,Referral,Robert,2021-11-08,2021-11-23,2021-12-16,Hired
1786,786,Referral,Jane,2020-12-13,2020-12-23,2021-01-09,Hired
1787,787,LinkedIn,Neha,2021-01-16,2021-01-21,2021-02-13,Hired
1788,788,LinkedIn,Neha,2023-12-04,2023-12-23,2024-01-31,Hired
1789,789,Naukri,Jane,2020-02-27,2020-03-04,2020-04-06,Hired
1790,790,LinkedIn,Neha,2022-05-01,2022-05-12,2022-05-11,Hired
1791,791,Referral,John,2021-06-28,2021-07-05,2021-07-08,Hired
1792,792,LinkedIn,Robert,2020-04-02,2020-04-08,2020-05-14,Hired
1793,793,Referral,Neha,2021-07-03,2021-07-23,2021-07-22,Hired
1794,794,LinkedIn,Robert,2023-04-11,2023-04-28,2023-05-22,Hired
1795,795,Naukri,Robert,2021-06-21,2021-07-07,2021-08-10,Hired
1796,796,Referral,John,2023-01-16,2023-02-03,2023-02-03,Hired
1797,797,Referral,Neha,2021-03-12,2021-03-22,2021-03-30,Hired
1798,798,Referral,Neha,2021-07-11,2021-07-18,2021-09-03,Hired
1799,799,Referral,Alice,2021-11-04,2021-11-09,2021-11-15,Hired
1800,800,Naukri,Alice,2022-01-26,2022-02-07,2022-02-19,Hired
1801,801,Naukri,Alice,2023-04-17,2023-04-26,2023-06-14,Hired
1802,802,Naukri,Alice,2021-09-20,2021-09-30,2021-11-02,Hired
1803,803,LinkedIn,Neha,2022-02-11,2022-02-26,2022-04-07,Hired
1804,804,Naukri,Jane,2023-11-29,2023-12-11,2023-12-28,Hired
1805,805,Naukri,Jane,2022-07-27,2022-08-11,2022-08-23,Hired
1806,806,LinkedIn,Alice,2022-01-26,2022-02-09,2022-02-18,Hired
1807,807,LinkedIn,Robert,2023-07-18,2023-08-03,2023-07-31,Hired
1808,808,Naukri,Jane,2021-10-25,2021-11-12,2021-12-20,Hired
1809,809,Naukri,Alice,2023-10-26,2023-11-12,2023-11-15,Hired
1810,810,Naukri,John,2023-07-20,2023-08-05,2023-08-28,Hired
1811,811,LinkedIn,Robert,2021-10-26,2021-11-03,2021-12-15,Hired
1812,812,Referral,Alice,2023-07-13,2023-07-25,2023-08-14,Hired
1813,813,LinkedIn,Alice,2021-06-20,2021-06-25,2021-07-21,Hired
1814,814,LinkedIn,Robert,2020-04-03,2020-04-18,2020-05-01,Hired
1815,815,LinkedIn,Neha,2021-09-01,2021-09-10,2021-10-03,Hired
1816,816,Referral,John,2023-11-19,2023-11-29,2024-01-18,Hired
1817,817,Naukri,Jane,2022-03-15,2022-03-21,2022-05-12,Hired
1818,818,Referral,Neha,2021-05-10,2021-05-16,2021-07-04,Hired
1819,819,LinkedIn,John,2022-03-09,2022-03-24,2022-05-01,Hired
1820,820,LinkedIn,Robert,2022-11-16,2022-12-04,2022-12-05,Hired
1821,821,LinkedIn,Alice,2022-02-12,2022-02-19,2022-04-10,Hired
1822,822,Referral,Neha,2023-04-16,2023-04-24,2023-05-03,Hired
1823,823,Naukri,John,2023-07-05,2023-07-24,2023-07-22,Hired
1824,824,LinkedIn,John,2023-03-02,2023-03-07,2023-04-19,Hired
1825,825,LinkedIn,Jane,2021-08-14,2021-08-25,2021-09-15,Hired
1826,826,Referral,John,2022-08-31,2022-09-11,2022-09-24,Hired
1827,827,Referral,Robert,2022-08-30,2022-09-12,2022-10-26,Hired
1828,828,LinkedIn,Robert,2021-09-11,2021-09-26,2021-10-15,Hired
1829,829,Referral,Alice,2022-10-19,2022-11-06,2022-11-26,Hired
1830,830,Naukri,Robert,2023-09-14,2023-09-21,2023-10-02,Hired
1831,831,Naukri,Neha,2023-03-10,2023-03-17,2023-04-24,Hired
1832,832,Naukri,John,2022-03-17,2022-03-22,2022-04-21,Hired
1833,833,Naukri,Alice,2022-11-11,2022-11-16,2022-12-03,Hired
1834,834,Referral,Robert,2023-10-13,2023-10-24,2023-11-16,Hired
1835,835,LinkedIn,Jane,2020-06-30,2020-07-19,2020-07-14,Hired
1836,836,Naukri,John,2021-07-13,2021-07-22,2021-08-26,Hired
1837,837,Referral,Jane,2023-08-23,2023-09-10,2023-09-05,Hired
1838,838,Referral,Robert,2021-02-22,2021-03-12,2021-03-18,Hired
1839,839,LinkedIn,Alice,2023-05-01,2023-05-10,2023-06-29,Hired
1840,840,LinkedIn,Jane,2020-06-28,2020-07-05,2020-07-25,Hired
1841,841,Referral,Alice,2023-05-03,2023-05-19,2023-05-18,Hired
1842,842,Naukri,Alice,2023-12-02,2023-12-20,2023-12-18,Hired
1843,843,Referral,John,2020-05-10,2020-05-21,2020-07-08,Hired
1844,844,Naukri,Neha,2022-01-05,2022-01-16,2022-02-24,Hired
1845,845,LinkedIn,John,2022-12-01,2022-12-08,2022-12-12,Hired
1846,846,Naukri,Jane,2022-11-04,2022-11-22,2022-12-24,Hired
1847,847,Referral,Alice,2020-06-22,2020-07-05,2020-07-09,Hired
1848,848,LinkedIn,John,2020-06-11,2020-06-17,2020-07-12,Hired
1849,849,Naukri,John,2022-05-13,2022-06-01,2022-06-13,Hired
1850,850,Naukri,Neha,2021-06-17,2021-06-25,2021-08-01,Hired
1851,851,Naukri,Neha,2022-02-24,2022-03-12,2022-03-29,Hired
1852,852,LinkedIn,Neha,2023-10-16,2023-11-01,2023-12-02,Hired
1853,853,Referral,Jane,2020-09-22,2020-10-10,2020-10-18,Hired
1854,854,Referral,Jane,2021-02-23,2021-03-13,2021-04-11,Hired
1855,855,Naukri,Jane,2020-10-01,2020-10-16,2020-10-26,Hired
1856,856,Referral,Robert,2021-06-29,2021-07-19,2021-07-17,Hired
1857,857,Referral,Neha,2023-09-15,2023-09-30,2023-09-28,Hired
1858,858,Naukri,Jane,2020-06-19,2020-07-01,2020-08-08,Hired
1859,859,Referral,Jane,2022-06-19,2022-07-05,2022-07-22,Hired
1860,860,Referral,Neha,2024-01-06,2024-01-14,2024-01-28,Hired
1861,861,LinkedIn,Jane,2023-03-06,2023-03-16,2023-04-30,Hired
1862,862,Referral,Jane,2024-01-07,2024-01-12,2024-01-30,Hired
1863,863,Referral,Jane,2020-06-21,2020-07-07,2020-07-25,Hired
1864,864,Naukri,Robert,2020-09-16,2020-09-28,2020-09-27,Hired
1865,865,LinkedIn,Jane,2022-10-27,2022-11-03,2022-11-07,Hired
1866,866,Referral,Robert,2019-11-10,2019-11-29,2020-01-05,Hired
1867,867,LinkedIn,Alice,2022-08-10,2022-08-18,2022-09-20,Hired
1868,868,Referral,John,2020-06-15,2020-07-01,2020-07-22,Hired
1869,869,Referral,Robert,2021-02-03,2021-02-20,2021-03-21,Hired
1870,870,LinkedIn,Robert,2019-12-23,2019-12-31,2020-01-05,Hired
1871,871,LinkedIn,Neha,2023-04-08,2023-04-19,2023-06-03,Hired
1872,872,Naukri,Alice,2020-12-26,2021-01-13,2021-02-19,Hired
1873,873,LinkedIn,Robert,2020-11-14,2020-11-19,2020-12-03,Hired
1874,874,LinkedIn,Jane,2020-03-06,2020-03-19,2020-03-25,Hired
1875,875,LinkedIn,Alice,2023-08-12,2023-08-21,2023-09-15,Hired
1876,876,Referral,Robert,2021-11-16,2021-11-27,2021-12-21,Hired
1877,877,Naukri,John,2021-02-14,2021-03-04,2021-04-11,Hired
1878,878,LinkedIn,Neha,2023-04-09,2023-04-28,2023-04-22,Hired
1879,879,LinkedIn,Jane,2022-04-24,2022-05-08,2022-05-23,Hired
1880,880,Naukri,Robert,2023-12-01,2023-12-20,2024-01-14,Hired
1881,881,LinkedIn,John,2022-01-01,2022-01-17,2022-02-26,Hired
1882,882,LinkedIn,Neha,2022-01-26,2022-02-10,2022-03-04,Hired
1883,883,Naukri,John,2021-05-31,2021-06-14,2021-06-14,Hired
1884,884,Naukri,John,2022-10-14,2022-10-24,2022-11-11,Hired
1885,885,LinkedIn,John,2023-07-12,2023-07-18,2023-07-26,Hired
1886,886,Naukri,John,2023-02-22,2023-02-27,2023-04-10,Hired
1887,887,Referral,Neha,2021-03-01,2021-03-09,2021-03-16,Hired
1888,888,LinkedIn,Jane,2023-05-16,2023-05-31,2023-06-29,Hired
1889,889,Naukri,Jane,2021-12-05,2021-12-11,2022-01-19,Hired
1890,890,Referral,Alice,2023-03-11,2023-03-27,2023-03-26,Hired
1891,891,LinkedIn,John,2020-02-04,2020-02-17,2020-03-24,Hired
1892,892,Referral,Jane,2022-08-08,2022-08-24,2022-09-15,Hired
1893,893,LinkedIn,Robert,2022-03-24,2022-04-05,2022-05-21,Hired
1894,894,Referral,Alice,2023-04-15,2023-05-04,2023-04-27,Hired
1895,895,Referral,Jane,2021-09-25,2021-10-11,2021-11-15,Hired
1896,896,LinkedIn,Neha,2023-02-25,2023-03-13,2023-04-09,Hired
1897,897,Naukri,Jane,2020-06-05,2020-06-12,2020-07-10,Hired
1898,898,LinkedIn,Jane,2020-11-03,2020-11-21,2020-12-10,Hired
1899,899,Naukri,Neha,2022-04-29,2022-05-12,2022-06-24,Hired
1900,900,LinkedIn,Jane,2023-03-30,2023-04-16,2023-05-05,Hired
1901,901,Referral,Robert,2020-06-09,2020-06-28,2020-06-24,Hired
1902,902,LinkedIn,Robert,2021-12-11,2021-12-29,2021-12-27,Hired
1903,903,Referral,Neha,2022-09-22,2022-09-30,2022-10-18,Hired
1904,904,Naukri,Jane,2020-11-18,2020-11-29,2020-12-15,Hired
1905,905,Referral,Neha,2019-12-23,2020-01-09,2020-02-13,Hired
1906,906,LinkedIn,Jane,2020-08-12,2020-08-27,2020-08-25,Hired
1907,907,Referral,Robert,2023-08-28,2023-09-06,2023-09-09,Hired
1908,908,LinkedIn,Alice,2022-01-21,2022-01-28,2022-02-12,Hired
1909,909,LinkedIn,Neha,2022-01-01,2022-01-14,2022-01-30,Hired
1910,910,Naukri,Alice,2022-05-01,2022-05-11,2022-06-14,Hired
1911,911,Referral,Jane,2021-11-16,2021-11-27,2022-01-07,Hired
1912,912,LinkedIn,Alice,2021-08-26,2021-09-03,2021-09-24,Hired
1913,913,LinkedIn,Neha,2023-05-06,2023-05-26,2023-05-20,Hired
1914,914,LinkedIn,Jane,2022-06-23,2022-07-04,2022-07-12,Hired
1915,915,Naukri,Neha,2020-06-30,2020-07-16,2020-07-20,Hired
1916,916,Naukri,Robert,2020-09-22,2020-10-03,2020-10-24,Hired
1917,917,Naukri,Neha,2023-04-18,2023-05-03,2023-06-15,Hired
1918,918,Naukri,Robert,2023-08-13,2023-08-29,2023-09-14,Hired
1919,919,LinkedIn,Alice,2022-06-15,2022-06-24,2022-08-10,Hired
1920,920,Referral,Jane,2023-08-01,2023-08-14,2023-08-24,Hired
1921,921,LinkedIn,Neha,2019-12-18,2019-12-26,2020-02-12,Hired
1922,922,LinkedIn,Robert,2021-01-22,2021-02-10,2021-03-05,Hired
1923,923,LinkedIn,John,2021-05-04,2021-05-10,2021-06-28,Hired
1924,924,Naukri,Robert,2023-12-25,2024-01-02,2024-01-21,Hired
1925,925,Referral,John,2020-05-18,2020-05-24,2020-07-11,Hired
1926,926,Referral,Robert,2020-07-03,2020-07-16,2020-07-30,Hired
1927,927,LinkedIn,Neha,2023-03-03,2023-03-09,2023-03-25,Hired
1928,928,LinkedIn,Alice,2022-11-03,2022-11-12,2022-11-25,Hired
1929,929,LinkedIn,Neha,2021-04-27,2021-05-06,2021-05-07,Hired
1930,930,LinkedIn,Jane,2022-01-13,2022-02-02,2022-03-03,Hired
1931,931,Referral,Robert,2020-11-11,2020-11-30,2020-12-05,Hired
1932,932,Naukri,Alice,2021-07-02,2021-07-11,2021-08-20,Hired
1933,933,Referral,Neha,2021-05-22,2021-06-06,2021-07-11,Hired
1934,934,LinkedIn,Neha,2020-11-28,2020-12-06,2021-01-08,Hired
1935,935,Naukri,Alice,2022-10-17,2022-10-29,2022-12-16,Hired
1936,936,Referral,Robert,2020-09-23,2020-10-04,2020-10-08,Hired
1937,937,Referral,Alice,2021-01-31,2021-02-17,2021-03-20,Hired
1938,938,Referral,Robert,2021-10-09,2021-10-14,2021-11-08,Hired
1939,939,LinkedIn,John,2021-05-18,2021-05-28,2021-07-11,Hired
1940,940,Referral,John,2022-11-24,2022-12-03,2023-01-10,Hired
1941,941,Naukri,Robert,2022-07-07,2022-07-24,2022-08-12,Hired
1942,942,Naukri,Neha,2019-12-16,2019-12-26,2020-01-25,Hired
1943,943,Referral,Alice,2023-12-30,2024-01-07,2024-01-21,Hired
1944,944,LinkedIn,John,2023-03-22,2023-04-07,2023-04-20,Hired
1945,945,Naukri,Jane,2023-11-24,2023-11-29,2024-01-14,Hired
1946,946,LinkedIn,Jane,2023-09-21,2023-10-09,2023-11-11,Hired
1947,947,LinkedIn,Neha,2021-05-05,2021-05-16,2021-06-19,Hired
1948,948,LinkedIn,Alice,2020-10-14,2020-10-29,2020-11-29,Hired
1949,949,Referral,Jane,2023-04-23,2023-05-03,2023-05-29,Hired
1950,950,Referral,Robert,2020-07-24,2020-07-31,2020-08-07,Hired
1951,951,LinkedIn,Robert,2023-05-26,2023-06-15,2023-06-17,Hired
1952,952,LinkedIn,Robert,2023-04-21,2023-05-01,2023-05-04,Hired
1953,953,Referral,John,2020-05-10,2020-05-27,2020-05-31,Hired
1954,954,LinkedIn,Neha,2021-07-26,2021-08-09,2021-08-26,Hired
1955,955,LinkedIn,Robert,2021-08-15,2021-08-20,2021-08-30,Hired
1956,956,Naukri,John,2024-01-18,2024-01-25,2024-02-05,Hired
1957,957,Referral,Neha,2021-04-05,2021-04-10,2021-06-04,Hired
1958,958,Naukri,Jane,2021-05-04,2021-05-14,2021-06-05,Hired
1959,959,Naukri,John,2020-05-14,2020-05-19,2020-06-03,Hired
1960,960,Naukri,John,2022-09-10,2022-09-24,2022-10-31,Hired
1961,961,LinkedIn,Robert,2022-09-11,2022-09-23,2022-09-24,Hired
1962,962,Referral,Alice,2021-06-25,2021-07-05,2021-07-27,Hired
1963,963,Naukri,Alice,2022-06-24,2022-07-01,2022-08-07,Hired
1964,964,Referral,Jane,2022-07-18,2022-08-05,2022-08-21,Hired
1965,965,Referral,Alice,2021-08-28,2021-09-09,2021-09-28,Hired
1966,966,Referral,Alice,2022-08-19,2022-09-06,2022-08-29,Hired
1967,967,Referral,Neha,2023-09-02,2023-09-18,2023-10-26,Hired
1968,968,LinkedIn,Neha,2020-09-22,2020-10-11,2020-11-07,Hired
1969,969,Referral,Jane,2020-06-28,2020-07-11,2020-07-19,Hired
1970,970,Referral,Neha,2022-08-23,2022-09-02,2022-09-09,Hired
1971,971,LinkedIn,John,2021-03-07,2021-03-22,2021-05-01,Hired
1972,972,Naukri,Neha,2021-01-10,2021-01-19,2021-01-26,Hired
1973,973,LinkedIn,Neha,2021-12-31,2022-01-07,2022-02-04,Hired
1974,974,LinkedIn,Alice,2023-01-22,2023-01-31,2023-02-10,Hired
1975,975,Referral,Neha,2020-09-06,2020-09-19,2020-10-02,Hired
1976,976,Referral,Jane,2019-12-02,2019-12-21,2020-01-19,Hired
1977,977,Referral,Robert,2021-06-24,2021-07-14,2021-07-19,Hired
1978,978,LinkedIn,John,2021-10-26,2021-11-03,2021-11-12,Hired
1979,979,Referral,Alice,2022-06-24,2022-07-04,2022-08-13,Hired
1980,980,Naukri,Jane,2020-01-29,2020-02-10,2020-02-29,Hired
1981,981,Naukri,Jane,2022-07-25,2022-08-06,2022-08-16,Hired
1982,982,Naukri,Neha,2023-08-08,2023-08-14,2023-09-29,Hired
1983,983,Referral,Robert,2020-04-23,2020-05-06,2020-06-15,Hired
1984,984,Referral,Alice,2020-09-03,2020-09-21,2020-09-26,Hired
1985,985,LinkedIn,Neha,2022-08-10,2022-08-21,2022-08-30,Hired
1986,986,Referral,John,2024-01-21,2024-02-06,2024-02-04,Hired
1987,987,Referral,Neha,2021-09-27,2021-10-05,2021-11-16,Hired
1988,988,Naukri,Neha,2022-10-30,2022-11-18,2022-12-13,Hired
1989,989,Naukri,Robert,2023-09-06,2023-09-19,2023-11-02,Hired
1990,990,LinkedIn,Alice,2023-04-02,2023-04-18,2023-05-31,Hired
1991,991,Naukri,Jane,2020-10-15,2020-10-20,2020-12-05,Hired
1992,992,Naukri,Jane,2020-08-03,2020-08-11,2020-09-21,Hired
1993,993,Naukri,John,2020-04-08,2020-04-13,2020-06-02,Hired
1994,994,Naukri,Alice,2022-10-01,2022-10-10,2022-11-02,Hired
1995,995,Referral,Neha,2023-03-15,2023-03-21,2023-05-01,Hired
1996,996,LinkedIn,John,2019-12-06,2019-12-21,2020-01-24,Hired
1997,997,Referral,John,2022-03-25,2022-03-30,2022-04-09,Hired
1998,998,Naukri,Robert,2022-04-06,2022-04-14,2022-06-05,Hired
1999,999,LinkedIn,Neha,2022-08-25,2022-09-06,2022-09-07,Hired
2000,1000,Referral,Jane,2023-12-02,2023-12-15,2024-01-14,Hired
